,年度,所属球団,登板,勝利,敗北,セーブ,H,HP,完投,完封勝,無四球,勝率,打者,投球回,安打,本塁打,四球,死球,三振,暴投,ボーク,失点,自責点,防御率
0,2020,北海道日本ハム,18.0,8.0,6.0,0.0,0.0,0.0,1.0,1.0,1.0,0.5710000000000001,454.0,111.2,91.0,7.0,29.0,6.0,115.0,4.0,0.0,45.0,40.0,3.22
1,nan,通　算,18.0,8.0,6.0,0.0,0.0,0.0,1.0,1.0,1.0,0.5710000000000001,454.0,111.2,91.0,7.0,29.0,6.0,115.0,4.0,0.0,45.0,40.0,3.22
