,年度,所属球団,登板,勝利,敗北,セーブ,H,HP,完投,完封勝,無四球,勝率,打者,投球回,安打,本塁打,四球,死球,三振,暴投,ボーク,失点,自責点,防御率
0,2019,オリックス,8.0,2.0,4.0,0.0,0.0,0.0,0.0,0.0,0.0,0.33299999999999996,126.0,27.1,36.0,7.0,9.0,1.0,17.0,1.0,0.0,20.0,18.0,5.93
1,2020,オリックス,13.0,2.0,4.0,0.0,0.0,0.0,0.0,0.0,0.0,0.33299999999999996,212.0,48,50.0,5.0,16.0,2.0,46.0,1.0,1.0,26.0,23.0,4.31
2,nan,通　算,21.0,4.0,8.0,0.0,0.0,0.0,0.0,0.0,0.0,0.33299999999999996,338.0,75.1,86.0,12.0,25.0,3.0,63.0,2.0,1.0,46.0,41.0,4.9
