,年度,所属球団,登板,勝利,敗北,セーブ,H,HP,完投,完封勝,無四球,勝率,打者,投球回,安打,本塁打,四球,死球,三振,暴投,ボーク,失点,自責点,防御率
0,2020,埼玉西武,49.0,2.0,1.0,0.0,13.0,15.0,0.0,0.0,0.0,0.667,202.0,44.2,40.0,1.0,29.0,1.0,45.0,3.0,0.0,21.0,19.0,3.83
1,2021,埼玉西武,29.0,1.0,2.0,0.0,6.0,7.0,0.0,0.0,0.0,0.33299999999999996,117.0,24.2,23.0,4.0,18.0,3.0,30.0,5.0,0.0,18.0,18.0,6.57
2,2022,埼玉西武,45.0,1.0,0.0,1.0,1.0,2.0,0.0,0.0,0.0,1.0,205.0,48.2,46.0,3.0,19.0,0.0,44.0,3.0,0.0,17.0,14.0,2.59
3,nan,通　算,123.0,4.0,3.0,1.0,20.0,24.0,0.0,0.0,0.0,0.5710000000000001,524.0,118,109.0,8.0,66.0,4.0,119.0,11.0,0.0,56.0,51.0,3.89
