,年度,所属球団,登板,勝利,敗北,セーブ,H,HP,完投,完封勝,無四球,勝率,打者,投球回,安打,本塁打,四球,死球,三振,暴投,ボーク,失点,自責点,防御率
0,2019,千葉ロッテ,10.0,1.0,1.0,0.0,3.0,4.0,0.0,0.0,0.0,0.5,103.0,25.0,23.0,2.0,8.0,1.0,21.0,3.0,2.0,12.0,12.0,4.32
1,2020,千葉ロッテ,16.0,2.0,5.0,0.0,0.0,0.0,0.0,0.0,0.0,0.28600000000000003,278.0,64.0,61.0,11.0,31.0,0.0,40.0,4.0,0.0,41.0,34.0,4.78
2,nan,通　算,26.0,3.0,6.0,0.0,3.0,4.0,0.0,0.0,0.0,0.33299999999999996,381.0,89.0,84.0,13.0,39.0,1.0,61.0,7.0,2.0,53.0,46.0,4.65
