,年度,所属球団,登板,勝利,敗北,セーブ,H,HP,完投,完封勝,無四球,勝率,打者,投球回,安打,本塁打,四球,死球,三振,暴投,ボーク,失点,自責点,防御率
0,2020,阪　神,28.0,2.0,4.0,0.0,11.0,13.0,0.0,0.0,0.0,0.33299999999999996,232.0,56.2,54.0,6.0,13.0,3.0,39.0,0.0,0.0,21.0,20.0,3.18
1,2021,阪　神,20.0,9.0,3.0,0.0,0.0,0.0,0.0,0.0,0.0,0.75,465.0,113,99.0,10.0,24.0,3.0,87.0,0.0,0.0,39.0,37.0,2.95
2,2022,阪　神,16.0,5.0,5.0,0.0,0.0,0.0,1.0,0.0,1.0,0.5,372.0,92.1,80.0,6.0,16.0,3.0,52.0,1.0,0.0,32.0,28.0,2.73
3,nan,通　算,64.0,16.0,12.0,0.0,11.0,13.0,1.0,0.0,1.0,0.5710000000000001,1069.0,262,233.0,22.0,53.0,9.0,178.0,1.0,0.0,92.0,85.0,2.92
