,年度,所属球団,登板,勝利,敗北,セーブ,H,HP,完投,完封勝,無四球,勝率,打者,投球回,安打,本塁打,四球,死球,三振,暴投,ボーク,失点,自責点,防御率
0,2019,横浜DeNA,25.0,7.0,6.0,0.0,0.0,0.0,1.0,1.0,0.0,0.5379999999999999,584.0,134,136.0,14.0,51.0,3.0,102.0,3.0,1.0,68.0,59.0,3.96
1,2020,横浜DeNA,11.0,2.0,3.0,0.0,0.0,0.0,1.0,1.0,0.0,0.4,247.0,59,57.0,8.0,20.0,2.0,50.0,4.0,0.0,29.0,27.0,4.12
2,2021,横浜DeNA,8.0,1.0,3.0,0.0,0.0,0.0,0.0,0.0,0.0,0.25,155.0,34,37.0,5.0,17.0,1.0,26.0,1.0,0.0,27.0,27.0,7.15
3,2022,横浜DeNA,13.0,3.0,6.0,0.0,0.0,0.0,1.0,1.0,1.0,0.33299999999999996,278.0,66.2,65.0,8.0,17.0,2.0,49.0,0.0,1.0,40.0,35.0,4.73
4,nan,通　算,57.0,13.0,18.0,0.0,0.0,0.0,3.0,3.0,1.0,0.419,1264.0,293.2,295.0,35.0,105.0,8.0,227.0,8.0,2.0,164.0,148.0,4.54
