,年度,所属球団,登板,勝利,敗北,セーブ,H,HP,完投,完封勝,無四球,勝率,打者,投球回,安打,本塁打,四球,死球,三振,暴投,ボーク,失点,自責点,防御率
0,2017,広島東洋,3.0,1.0,1.0,0.0,0.0,0.0,0.0,0.0,0.0,0.5,71.0,17.1,16.0,2.0,3.0,0.0,16.0,0.0,0.0,10.0,10.0,5.19
1,2019,広島東洋,25.0,7.0,6.0,0.0,0.0,0.0,1.0,0.0,0.0,0.5379999999999999,590.0,139.2,131.0,17.0,48.0,5.0,101.0,2.0,0.0,54.0,46.0,2.96
2,2020,広島東洋,15.0,5.0,8.0,0.0,0.0,0.0,0.0,0.0,0.0,0.385,343.0,76.2,101.0,10.0,23.0,0.0,56.0,1.0,0.0,51.0,42.0,4.93
3,2021,広島東洋,16.0,5.0,4.0,0.0,1.0,1.0,1.0,1.0,0.0,0.556,374.0,87.1,91.0,5.0,24.0,2.0,80.0,1.0,0.0,32.0,31.0,3.19
4,2022,広島東洋,17.0,8.0,6.0,0.0,0.0,0.0,1.0,1.0,0.0,0.5710000000000001,446.0,114,87.0,10.0,28.0,4.0,74.0,2.0,1.0,36.0,36.0,2.84
5,nan,通　算,76.0,26.0,25.0,0.0,1.0,1.0,3.0,2.0,0.0,0.51,1824.0,435,426.0,44.0,126.0,11.0,327.0,6.0,1.0,183.0,165.0,3.41
