,年度,所属球団,登板,勝利,敗北,セーブ,H,HP,完投,完封勝,無四球,勝率,打者,投球回,安打,本塁打,四球,死球,三振,暴投,ボーク,失点,自責点,防御率
0,2019,中　日,3.0,1.0,2.0,0.0,0.0,0.0,0.0,0.0,0.0,0.33299999999999996,71.0,16.1,16.0,2.0,9.0,0.0,9.0,1.0,0.0,11.0,11.0,6.06
1,2020,中　日,13.0,4.0,5.0,0.0,0.0,0.0,0.0,0.0,0.0,0.444,298.0,72,74.0,7.0,17.0,2.0,56.0,7.0,0.0,32.0,31.0,3.88
2,nan,通　算,16.0,5.0,7.0,0.0,0.0,0.0,0.0,0.0,0.0,0.41700000000000004,369.0,88.1,90.0,9.0,26.0,2.0,65.0,8.0,0.0,43.0,42.0,4.28
